{"cameraMode":{"drawMode":0,"name":"Shaded","section":"Shading Mode"},"sceneLighting":true,"audioPlay":false,"sceneViewState":{"showFog":true,"showMaterialUpdate":false,"showSkybox":true,"showFlares":true,"showImageEffects":true,"showParticleSystems":true},"in2DMode":false,"pivot":{"x":-2.067986249923706,"y":-1.66545832157135,"z":5.044326305389404},"rotation":{"x":0.11145371943712235,"y":0.008543737232685089,"z":0.0009598488104529679,"w":-0.9937323927879334},"size":1.9559522867202759,"orthographic":true}