{"cameraMode":{"drawMode":0,"name":"Shaded","section":"Shading Mode"},"sceneLighting":true,"audioPlay":false,"sceneViewState":{"showFog":false,"showMaterialUpdate":false,"showSkybox":false,"showFlares":false,"showImageEffects":false,"showParticleSystems":false},"in2DMode":false,"pivot":{"x":2.7303216457366945,"y":-0.8212721347808838,"z":6.6839118003845219},"rotation":{"x":-0.009997536428272725,"y":0.021497398614883424,"z":0.00022157543571665883,"w":0.999718964099884},"size":5.699700832366943,"orthographic":true}