{"cameraMode":{"drawMode":0,"name":"Shaded","section":"Shading Mode"},"sceneLighting":false,"audioPlay":false,"sceneViewState":{"showFog":false,"showMaterialUpdate":false,"showSkybox":false,"showFlares":false,"showImageEffects":false,"showParticleSystems":false},"in2DMode":false,"pivot":{"x":-1.823354721069336,"y":-1.57672119140625,"z":6.867853164672852},"rotation":{"x":0.019185615703463556,"y":0.018094858154654504,"z":0.0003656029293779284,"w":-0.9996521472930908},"size":115.1692886352539,"orthographic":true}